id;start_date;end_date;language
1;2024-04-08T20:31:56;2024-04-08T04:29:02;FRENCH
2;2024-04-08T11:12:08;2024-04-08T15:28:19;SPANISH
3;2024-04-08T20:05:11;2024-04-08T00:07:25;SPANISH
4;2024-04-08T10:53:38;2024-04-08T05:43:03;FRENCH
5;2024-04-08T14:14:43;2024-04-08T06:46:26;FRENCH
6;2024-04-08T10:56:38;2024-04-08T20:54:23;SPANISH
7;2024-04-08T21:20:49;2024-04-08T11:26:20;SPANISH
8;2024-04-08T09:17:35;2024-04-08T02:16:54;ENGLISH
9;2024-04-08T06:50:48;2024-04-08T14:08:00;ENGLISH
10;2024-04-08T20:21:47;2024-04-08T07:42:19;SPANISH
